Giorno dell'anno,Data (cal. giuliano),Distanza (km)
1,01 Gen 1300,363977.9
2,02 Gen 1300,363298.4
3,03 Gen 1300,363839.6
4,04 Gen 1300,365563.4
5,05 Gen 1300,368350.5
6,06 Gen 1300,372014.1
7,07 Gen 1300,376320.1
8,08 Gen 1300,381009.3
9,09 Gen 1300,385818.3
10,10 Gen 1300,390496.3
11,11 Gen 1300,394816.7
12,12 Gen 1300,398584.8
13,13 Gen 1300,401640.8
14,14 Gen 1300,403861.6
15,15 Gen 1300,405161.0
16,16 Gen 1300,405490.0
17,17 Gen 1300,404836.2
18,18 Gen 1300,403224.0
19,19 Gen 1300,400715.0
20,20 Gen 1300,397407.5
21,21 Gen 1300,393436.9
22,22 Gen 1300,388974.7
23,23 Gen 1300,384226.8
24,24 Gen 1300,379428.8
25,25 Gen 1300,374837.2
26,26 Gen 1300,370716.2
27,27 Gen 1300,367319.1
28,28 Gen 1300,364866.8
29,29 Gen 1300,363525.6
30,30 Gen 1300,363389.0
31,31 Gen 1300,364466.8
32,01 Feb 1300,366683.3
33,02 Feb 1300,369887.3
34,03 Feb 1300,373867.9
35,04 Feb 1300,378377.4
36,05 Feb 1300,383152.1
37,06 Feb 1300,387932.5
38,07 Feb 1300,392477.4
39,08 Feb 1300,396573.8
40,09 Feb 1300,400042.2
41,10 Feb 1300,402739.2
42,11 Feb 1300,404558.0
43,12 Feb 1300,405429.0
44,13 Feb 1300,405319.5
45,14 Feb 1300,404233.6
46,15 Feb 1300,402212.2
47,16 Feb 1300,399333.1
48,17 Feb 1300,395711.3
49,18 Feb 1300,391498.4
50,19 Feb 1300,386881.6
51,20 Feb 1300,382080.8
52,21 Feb 1300,377342.2
53,22 Feb 1300,372927.8
54,23 Feb 1300,369099.4
55,24 Feb 1300,366098.6
56,25 Feb 1300,364124.7
57,26 Feb 1300,363313.4
58,27 Feb 1300,363721.7
59,28 Feb 1300,365320.9
60,29 Feb 1300,368000.0
61,01 Mar 1300,371578.7
62,02 Mar 1300,375826.9
63,03 Mar 1300,380487.2
64,04 Mar 1300,385295.7
65,05 Mar 1300,389999.5
66,06 Mar 1300,394369.0
67,07 Mar 1300,398205.8
68,08 Mar 1300,401346.1
69,09 Mar 1300,403662.8
70,10 Mar 1300,405065.9
71,11 Mar 1300,405502.0
72,12 Mar 1300,404954.8
73,13 Mar 1300,403444.9
74,14 Mar 1300,401029.6
75,15 Mar 1300,397803.4
76,16 Mar 1300,393897.4
77,17 Mar 1300,389479.4
78,18 Mar 1300,384751.7
79,19 Mar 1300,379946.9
80,20 Mar 1300,375320.0
81,21 Mar 1300,371135.0
82,22 Mar 1300,367647.4
83,23 Mar 1300,365082.7
84,24 Mar 1300,363614.3
85,25 Mar 1300,363344.3
86,26 Mar 1300,364291.8
87,27 Mar 1300,366390.2
88,28 Mar 1300,369495.8
89,29 Mar 1300,373403.3
90,30 Mar 1300,377867.7
91,31 Mar 1300,382626.3
92,01 Apr 1300,387418.2
93,02 Apr 1300,391999.8
94,03 Apr 1300,396154.5
95,04 Apr 1300,399699.1
96,05 Apr 1300,402486.0
97,06 Apr 1300,404404.7
98,07 Apr 1300,405381.4
99,08 Apr 1300,405379.3
100,09 Apr 1300,404398.6
101,10 Apr 1300,402476.1
102,11 Apr 1300,399685.7
103,12 Apr 1300,396138.2
104,13 Apr 1300,391981.3
105,14 Apr 1300,387398.4
106,15 Apr 1300,382606.1
107,16 Apr 1300,377848.2
108,17 Apr 1300,373385.6
109,18 Apr 1300,369480.9
110,19 Apr 1300,366379.2
111,20 Apr 1300,364285.3
112,21 Apr 1300,363342.9
113,22 Apr 1300,363618.0
114,23 Apr 1300,365091.3
115,24 Apr 1300,367660.2
116,25 Apr 1300,371151.3
117,26 Apr 1300,375338.7
118,27 Apr 1300,379966.9
119,28 Apr 1300,384771.8
120,29 Apr 1300,389498.7
121,30 Apr 1300,393914.9
122,01 Mag 1300,397818.4
123,02 Mag 1300,401041.5
124,03 Mag 1300,403453.2
125,04 Mag 1300,404959.1
126,05 Mag 1300,405502.2
127,06 Mag 1300,405062.0
128,07 Mag 1300,403655.0
129,08 Mag 1300,401334.6
130,09 Mag 1300,398191.0
131,10 Mag 1300,394351.7
132,11 Mag 1300,389980.3
133,12 Mag 1300,385275.6
134,13 Mag 1300,380467.2
135,14 Mag 1300,375808.1
136,15 Mag 1300,371562.1
137,16 Mag 1300,367986.7
138,17 Mag 1300,365311.8
139,18 Mag 1300,363717.5
140,19 Mag 1300,363314.2
141,20 Mag 1300,364130.6
142,21 Mag 1300,366109.2
143,22 Mag 1300,369113.9
144,23 Mag 1300,372945.3
145,24 Mag 1300,377361.6
146,25 Mag 1300,382101.0
147,26 Mag 1300,386901.5
148,27 Mag 1300,391517.0
149,28 Mag 1300,395727.9
150,29 Mag 1300,399346.8
151,30 Mag 1300,402222.5
152,31 Mag 1300,404240.1
153,01 Giu 1300,405322.0
154,02 Giu 1300,405427.4
155,03 Giu 1300,404552.3
156,04 Giu 1300,402729.7
157,05 Giu 1300,400029.2
158,06 Giu 1300,396557.8
159,07 Giu 1300,392459.1
160,08 Giu 1300,387912.8
161,09 Giu 1300,383131.9
162,10 Giu 1300,378357.7
163,11 Giu 1300,373850.0
164,12 Giu 1300,369872.1
165,13 Giu 1300,366671.9
166,14 Giu 1300,364459.8
167,15 Giu 1300,363387.0
168,16 Giu 1300,363528.7
169,17 Giu 1300,364874.8
170,18 Giu 1300,367331.5
171,19 Giu 1300,370732.1
172,20 Giu 1300,374855.7
173,21 Giu 1300,379448.6
174,22 Giu 1300,384247.0
175,23 Giu 1300,388994.1
176,24 Giu 1300,393454.7
177,25 Giu 1300,397422.9
178,26 Giu 1300,400727.3
179,27 Giu 1300,403232.7
180,28 Giu 1300,404840.9
181,29 Giu 1300,405490.7
182,30 Giu 1300,405157.6
183,01 Lug 1300,403854.2
184,02 Lug 1300,401629.7
185,03 Lug 1300,398570.4
186,04 Lug 1300,394799.7
187,05 Lug 1300,390477.3
188,06 Lug 1300,385798.3
189,07 Lug 1300,380989.2
190,08 Lug 1300,376301.1
191,09 Lug 1300,371997.2
192,10 Lug 1300,368336.8
193,11 Lug 1300,365553.9
194,12 Lug 1300,363834.8
195,13 Lug 1300,363298.7
196,14 Lug 1300,363983.3
197,15 Lug 1300,365840.4
198,16 Lug 1300,368741.9
199,17 Lug 1300,372494.3
200,18 Lug 1300,376859.3
201,19 Lug 1300,381576.3
202,20 Lug 1300,386382.5
203,21 Lug 1300,391029.5
204,22 Lug 1300,395294.2
205,23 Lug 1300,398985.7
206,24 Lug 1300,401948.7
207,25 Lug 1300,404064.4
208,26 Lug 1300,405251.0
209,27 Lug 1300,405463.8
210,28 Lug 1300,404694.8
211,29 Lug 1300,402972.7
212,30 Lug 1300,400363.5
213,31 Lug 1300,396969.9
214,01 Ago 1300,392931.6
215,02 Ago 1300,388424.3
216,03 Ago 1300,383657.7
217,04 Ago 1300,378870.4
218,05 Ago 1300,374320.7
219,06 Ago 1300,370272.5
220,07 Ago 1300,366976.3
221,08 Ago 1300,364647.9
222,09 Ago 1300,363445.7
223,10 Ago 1300,363453.8
224,11 Ago 1300,364671.6
225,12 Ago 1300,367014.1
226,13 Ago 1300,370321.7
227,14 Ago 1300,374378.3
228,15 Ago 1300,378932.8
229,16 Ago 1300,383721.5
230,17 Ago 1300,388486.1
231,18 Ago 1300,392988.5
232,19 Ago 1300,397019.4
233,20 Ago 1300,400403.5
234,21 Ago 1300,403001.5
235,22 Ago 1300,404711.3
236,23 Ago 1300,405467.4
237,24 Ago 1300,405241.6
238,25 Ago 1300,404042.3
239,26 Ago 1300,401914.8
240,27 Ago 1300,398941.3
241,28 Ago 1300,395241.0
242,29 Ago 1300,390970.0
243,30 Ago 1300,386319.4
244,31 Ago 1300,381512.7
245,01 Set 1300,376798.6
246,02 Set 1300,372440.0
247,03 Set 1300,368697.4
248,04 Set 1300,365808.6
249,05 Set 1300,363966.4
250,06 Set 1300,363297.9
251,07 Set 1300,363850.0
252,08 Set 1300,365584.1
253,09 Set 1300,368380.0
254,10 Set 1300,372050.6
255,11 Set 1300,376361.2
256,12 Set 1300,381052.7
257,13 Set 1300,385861.6
258,14 Set 1300,390537.3
259,15 Set 1300,394853.6
260,16 Set 1300,398615.9
261,17 Set 1300,401664.8
262,18 Set 1300,403877.6
263,19 Set 1300,405168.4
264,20 Set 1300,405488.5
265,21 Set 1300,404825.8
266,22 Set 1300,403205.2
267,23 Set 1300,400688.5
268,24 Set 1300,397374.3
269,25 Set 1300,393398.4
270,26 Set 1300,388932.6
271,27 Set 1300,384183.2
272,28 Set 1300,379385.9
273,29 Set 1300,374797.4
274,30 Set 1300,370681.9
275,01 Ott 1300,367292.4
276,02 Ott 1300,364849.4
277,03 Ott 1300,363518.8
278,04 Ott 1300,363393.4
279,05 Ott 1300,364481.9
280,06 Ott 1300,366708.2
281,07 Ott 1300,369920.2
282,08 Ott 1300,373906.8
283,09 Ott 1300,378419.8
284,10 Ott 1300,383195.7
285,11 Ott 1300,387975.0
286,12 Ott 1300,392516.8
287,13 Ott 1300,396608.3
288,14 Ott 1300,400070.3
289,15 Ott 1300,402759.7
290,16 Ott 1300,404570.2
291,17 Ott 1300,405432.5
292,18 Ott 1300,405314.1
293,19 Ott 1300,404219.4
294,20 Ott 1300,402189.8
295,21 Ott 1300,399303.5
296,22 Ott 1300,395675.6
297,23 Ott 1300,391458.1
298,24 Ott 1300,386838.6
299,25 Ott 1300,382037.2
300,26 Ott 1300,377300.4
301,27 Ott 1300,372890.2
302,28 Ott 1300,369068.2
303,29 Ott 1300,366075.9
304,30 Ott 1300,364112.0
305,31 Ott 1300,363311.6
306,01 Nov 1300,363730.9
307,02 Nov 1300,365340.5
308,03 Nov 1300,368028.7
309,04 Nov 1300,371614.5
310,05 Nov 1300,375867.7
311,06 Nov 1300,380530.5
312,07 Nov 1300,385339.1
313,08 Nov 1300,390040.9
314,09 Nov 1300,394406.4
315,10 Nov 1300,398237.5
316,11 Nov 1300,401370.9
317,12 Nov 1300,403679.7
318,13 Nov 1300,405074.2
319,14 Nov 1300,405501.4
320,15 Nov 1300,404945.4
321,16 Nov 1300,403427.0
322,17 Nov 1300,401003.9
323,18 Nov 1300,397770.8
324,19 Nov 1300,393859.4
325,20 Nov 1300,389437.6
326,21 Nov 1300,384708.2
327,22 Nov 1300,379903.9
328,23 Nov 1300,375279.8
329,24 Nov 1300,371099.9
330,25 Nov 1300,367619.7
331,26 Nov 1300,365064.3
332,27 Nov 1300,363606.4
333,28 Nov 1300,363347.5
334,29 Nov 1300,364305.8
335,30 Nov 1300,366414.1
336,01 Dic 1300,369527.9
337,02 Dic 1300,373441.6
338,03 Dic 1300,377909.9
339,04 Dic 1300,382669.9
340,05 Dic 1300,387461.0
341,06 Dic 1300,392039.6
342,07 Dic 1300,396189.6
343,08 Dic 1300,399727.9
344,09 Dic 1300,402507.4
345,10 Dic 1300,404417.8
346,11 Dic 1300,405385.8
347,12 Dic 1300,405374.8
348,13 Dic 1300,404385.3
349,14 Dic 1300,402454.6
350,15 Dic 1300,399656.8
351,16 Dic 1300,396103.1
352,17 Dic 1300,391941.4
353,18 Dic 1300,387355.7
354,19 Dic 1300,382562.5
355,20 Dic 1300,377806.1
356,21 Dic 1300,373347.4
357,22 Dic 1300,369448.9
358,23 Dic 1300,366355.5
359,24 Dic 1300,364271.5
360,25 Dic 1300,363339.9
361,26 Dic 1300,363626.1
362,27 Dic 1300,365109.9
363,28 Dic 1300,367688.0
364,29 Dic 1300,371186.4
365,30 Dic 1300,375379.0
366,31 Dic 1300,380010.0
